[{"date":"2022-06-11T00:00:00Z","event":"http://www.wikidata.org/entity/Q50317608","eventLabel":"March for Our Lives"},{"date":"2022-06-05T00:00:00Z","event":"http://www.wikidata.org/entity/Q107210650","eventLabel":"Platinum Jubilee Pageant"},{"date":"2022-06-01T00:00:00Z","event":"http://www.wikidata.org/entity/Q107753493","eventLabel":"2022 African Championships in Athletics"},{"date":"2022-06-01T00:00:00Z","event":"http://www.wikidata.org/entity/Q110654952","eventLabel":"2022 Bolat Turlykhanov Cup"},{"date":"2022-06-08T00:00:00Z","event":"http://www.wikidata.org/entity/Q111803182","eventLabel":"BANG BANG – translocal hi:stories of performance art"},{"date":"2022-06-18T00:00:00Z","event":"http://www.wikidata.org/entity/Q111901785","eventLabel":"BoekenZOO"},{"date":"2022-06-18T00:00:00Z","event":"http://www.wikidata.org/entity/Q111901785","eventLabel":"BoekenZOO"},{"date":"2022-06-02T00:00:00Z","event":"http://www.wikidata.org/entity/Q111995901"},{"date":"2022-06-09T00:00:00Z","event":"http://www.wikidata.org/entity/Q112035960","eventLabel":"Anne Frank and Switzerland"},{"date":"2022-06-04T00:00:00Z","event":"http://www.wikidata.org/entity/Q112135519","eventLabel":"Swiss Junior Gymnastics Championships 2022"}]